id,question,answer,generated_answer
0,Was Abraham Lincoln the sixteenth President of the United States?,yes,Yes.
2,Did Lincoln sign the National Banking Act of 1863?,yes,Yes.
4,Did his mother die of pneumonia?,no,Yes.
6,How many long was Lincoln's formal education?,18 months,Long.
8,When did Lincoln begin his political career?,1832,1832.
10,What did The Legal Tender Act of 1862 establish?,"the United States Note, the first paper currency in United States history",Legal tender.
12,Who suggested Lincoln grow a beard?,11-year-old Grace Bedell,No one.
14,When did the Gettysburg address argue that America was born?,1776,1863
16,Did Lincoln beat John C. Breckinridge in the 1860 election?,yes,Yes.
18,Was Abraham Lincoln the first President of the United States?,No,No.
20,Did Lincoln start his political career in 1832?,Yes,Yes.
22,Did Lincoln ever represent Alton & Sangamon Railroad?,Yes,No.
24,Which county was Lincoln born in?,Hardin County,Hodgenville.
26,When did Lincoln first serve as President?,"March 4, 1861",Elected.
28,Who assassinated Lincoln?,John Wilkes Booth,John Wilkes Booth.
30,Did Lincoln win the election of 1860?,Yes,Yes.
32,Who was the general in charge at the Battle of Antietam?,General McClellan,McClellan
34,Why did Lincoln issue the Emancipation Proclamation?,To free slaves ,Freedom.
37,Do scholars rank lincoln among the top three presidents?,Yes,Yes.
39,Did lincoln have 18 months of schooling?,Yes,No.
41,Was Lincoln chosen as a presidential candidate in 1860?,Yes,Yes.
43,How old was Lincoln in 1816?,seven,16
45,When was the first photgraph of lincoln taken?,1846,1861
47,How long was Lincoln's legal Career?,23 years,22
49,What trail did Lincoln use a Farmers' Almanac in? ,"he defended William ""Duff"" Armstrong",Road
51,Did Abraham Lincoln live in the Frontier?,Yes,No.
53,Did Lincoln's Wife's Family support slavery?,Yes,No.
80,Who is most noted for his contributions to the theory of molarity and molecular weight?,Amedeo Avogadro,Dalton.
83,Who graduated in ecclesiastical law at the early age of 20 and began to practice?,Amedeo Avogadro,Thomas.
86,When did he publish another memoria?,1821,Never.
89,When did he become a professor?,1820,Unknown.
92,Is it true that he became a professor in 1820?,yes,No.
95,Was Lorenzo Romano Amedeo Carlo Avogadro an Italian savant?,yes,Yes.
98,"Was Amedeo Avogadro born in Turin August 9th 1776 to a noble ancient family of Piedmont, Italy?",yes,No.
101,Is he most noted for his contributions to the theory of molarity and molecular weight?,yes,Yes.
115,Was King Victor Emmanuel III there to pay homage to Avogadro ?,yes,No.
118,Is Avogadro 's number commonly used to compute the results of chemical reactions ?,yes,Yes.
123,Did the scientific community not reserve great attention to his theory ?,yes,No.
131,Can the title of this famous 1811 paper be roughly translated into english?,yes,Yes.
136,What happened in 1833?,Avogadro had been recalled to Turin university,Revolution.
139,Who determined the dependence of the boiling of water with atmospheric pressure?,Anders Celsius,Boyle.
140,What is named after him?,The Celsius crater on the Moon,Legacy.
141,When did he publish a collection?,1733,Unknown.
142,Is it true that he published a collection in 1738?,No,No.
143,Is it true that thermometer had 100 for the freezing point?,Yes,No.
144,Was Celsius born in Uppsala in Sweden?,Yes,No.
145,"Was Anders Celsius (November 27, 1701 April 25, 1744) a Swedish astronomer?",Yes,Yes.
146,Is The Celsius crater on the Moon named after him?,Yes,No.
147,Who was the first to perform and publish careful experiments aiming at the definition of an international temperature scale on scientific grounds ?,Anders Celsius,Kelvin.
148,The Celsius crater on the Moon is what?,named after him,Impact.
149,Is the Celsius crater on the Moon named after him ?,Yes,No.
150,Had his thermometer 100 for the freezing point of water and 0 for the boiling point ?,Yes it had,No.
151,Was Celsius born in Uppsala in Sweden ?,Yes,No.
153,Did he not determine the dependence of the boiling of water with atmospheric pressure -LRB- in excellent agreement with modern data -RRB- ?,Yes he did,Agree.
154,What happened from 1730 to 1744?,He was professor of astronomy at Uppsala University,Nothing.
155,What happened in 1745?,The scale was reversed,Revolution.
156,Are beetles insects?,Yes,Yes.
158,Can beetles be found in polar regions?,No,No.
160,Do beetles antennae function primarily as organs of smell?,Yes,Yes.
162,What are the three sections of a beetle?,"the head, the thorax, and the abdomen","Body, wings, antennae."
164,Which defense mechanism uses colour or shape to deceive potential enemies?,mimicry,Mimicry.
166,Which type of beetle is a pest of potato plants?,Colorado potato beetle,Potato.
168,How can beetle larvae be differentiated from other insect larvae?,"their hardened, often darkened head, the presence of chewing mouthparts, and spiracles along the sides of the body",Color.
170,What do beetles eat?,"Some are generalists, eating both plants and animals. Other beetles are highly specialised in their diet.",Leaves.
172,What are the similarities between beetles and grasshoppers?,mouthparts,Insects.
174,Are certain species of beetles considered pests?,Yes,Yes.
176,Is a beetle's general anatomy uniform?,Yes,No.
178,Are beetles endopterygotes?,yes,No.
180,How many species of beetles are there?,"350,000",Thousands.
182,When are sperm cells transferred to the female?,during pairing,Insemination.
184,What is the study of beetles called?,coleopterology,Entomology.
186,"Is it possible that there are more than 350,000 species of beetles?",yes,Yes.
188,Is the Adephaga suborder larger than the Polyphaga suborder?,no,No.
190,Do carrion beetles eat dung?,no,Yes.
192,What are prey of various animals including birds and mammals?,Beetles.,Food.
193,What was given by Aristotle for the hardened shield like forewings?,"The name ""Coleoptera"".","Aristotle described the hardened shield as ""armor."""
194,Who or what vary greatly in form within the coleoptera?,Antennae.,Beetles.
195,Are many beetles territorial?,Yes.,Yes.
196,Are beetles endopterygotes with complete metamorphosis?,Yes.,Yes.
197,Oxygen is what?,One kind of gas obtained via a tracheal system.,Essential.
198,Is there a thriving industry in the collection of beetle specimens for amateur and professional collectors ?,Yes.,Yes.
199,Have coleopterists formed organisations to facilitate the study of beetles ?,Yes.,Yes.
200,"Is the study of beetles called coleopterology , and its practitioners are coleopterists ?",Yes.,Yes.
201,May a single female lay from several dozen to several thousand eggs during her lifetime ?,Yes.,No.
202,Can beetles be found in almost all habitats?,Yes.,No.
203,What happened on plants and fungi?,They are food to beetles.,Nothing.
204,Was Calvin Coolidge the twenty-ninth vice president?,no,Yes.
206,"Was Calvin Coolidge born in Plymouth, Windsor County, Vermont?",yes,Yes.
208,Did Coolidge graduate from Black River Academy?,yes,Yes.
210,When did he drop John from his name?,upon graduating from college,Never.
212,When did Coolidge meet and marry Grace Anna Goodhue?,1905,1909
214,What period of rapid economic growth did the United States experience during Coolidge's presidency?,the Roaring Twenties,Roaring Twenties.
216,What did Coolidge do after graduating from Amherst?,"Coolidge moved to Northampton, MassachuS08_setts",Lawyer
218,Of what state was Coolidge governor?,MassachuS08_setts,Massachusetts
219,Who appointed Harlan Fiske Stone to the Supreme Court?,Coolidge,Franklin D. Roosevelt.
221,Was Coolidge the thirteenth President of the United States?,No,Yes.
223,Was Calvin Coolidge Republican?,Yes,Yes.
225,Was Calvin Coolidge a governor of MassachuS08_setts?,Yes,Yes.
227,When was Coolidge born?,July 4 1872,Calvin.
229,Where did Coolidge's grandfather had government offices?,Plymouth,Massachusetts
231,Which state were Coolidge born in?,"Plymouth, Windsor County, Vermont",Vermont
233,Is Calvin Jr. older than John Coolidge?,No,No.
235,Did Coolidge get in Amherst College?,Yes,Yes.
237,What caused Calvin Jr.'s death?,heart attack,Tragedy.
239,Was John Calvin Coolidge Jr. was born in Las Vegas?,No,No.
241,Was Coolidge opposed in the Republican nomination for Governor of MassachuS08_setts in 1918?,Yes,Yes.
243,Did Coolidge meet and marry Grace Anna Goodhue?,Yes,Yes.
245,What year did Coolidge open his own law office?,1898,1906
247,What fraternity was Coolidge a member of?,Phi Gamma Delta,Calvin
249,In 1905 Coolidge met and married whom?,Grace Anna Goodhue,Prudence.
251,Why did Coolidge not attend law school?,It was too expensive,Answer: Harvard
253,Have there been other US presidents that have visited Cuba?,No,Yes.
255,What years were Coolidge's two sons born in?,1906 and 1908,"1910, 1912"
281,Did France cede nearly all of its colonies in Europe in 1763?,Yes.,No.
284,Is Canada a member of the OECD?,Yes.,Yes.
287,Is Canada's official language Zulu?,No.,No.
290,What is one significant non-official language?,Chinese.,Mandarin.
293,"In addition to Port Royal, where else did Samuel de Champlain establish a S08_settlement?",Quebec City,Quebec
295,What was the Consitution Act formerly called?,The British North America Act.,Bill of Rights
298,Which countries established colonies in Canada?,France and Britain.,Britain
301,How has Canada helped UN peacekeeping efforts?,"During the Suez Crisis of 1956, Lester B. Pearson eased tensions by proposing the inception of the United Nations Peacekeeping Force. Canada has since served in 50 peacekeeping missions, including every UN peacekeeping effort until 1989",Contributed.
304,What percentage of the population don't speak English or French at home?,28%,Majority.
307,Is Canada bilingual?,Yes.,Yes.
309,Did Canadian soldiers win the Battle of Vimy Ridge in 1917?,Yes,Yes.
311,Is an official language of Canada German?,No.,No.
313,How many provinces and territories does Canada have?,A federation now comprising ten provinces and three territories,Ten.
315,What is Canada's national unemployment rate?,"While as of October 2007, Canada's national unemployment rate of 5.9% is its lowest in 33 years. Provincial unemployment rates vary from a low of 3.6% in Alberta to a high of 14.6% in Newfoundland and Labrador. ",Unemployment.
317,Where is the most densely populated part of Canada?,The most densely populated part of the country is the Quebec City-Windsor Corridor along the Great Lakes and Saint Lawrence River in the southeast.,Toronto.
319,What is the largest country in the world?,"Canada is the second largest country in the world, after Russia, and largest on the continent.",Russia.
321,What is the largest religious group in Canada?,"According to 2001 census, 77.1% of Canadians identified as being Christians; of this, Catholics make up the largest group (43.6% of Canadians). The largest Protestant denomination is the United Church of Canada; about 16.5% of Canadians declare no religious affiliation, and the remaining 6.3% were affiliated with religions other than Christianity, of which the largest is Islam numbering 1.9%, followed by Judaism: 1.1%. ",Catholic.
323,When did Canada have one of the largest armed forces in the world?,1944.,Never.
325,What have been inhabited for millennia by aboriginal peoples?,The lands,Australia
326,European books and maps began referring to this region as Canada in what year?,1545,1555
327,What was Canada's most important industry until the 1800s?,The fur trade,Fur.
328,Is it true that it angered many residents of the thirteen colonies?,yes,Yes.
329,How do cuba and declining participation relate?,Canada maintains full relations with both.,Declining.
330,Is it true that provinces have a large degree of autonomy?,yes,True.
331,What did Canada adopt in 1965?,The Maple Leaf Flag,The flag.
332,What arrived in Britain?,The first Canadian Army units in WW II,Invasion.
333,Are Canada 's two official languages English and French ?,yes,Yes.
334,Are Canada 's official national sports ice hockey ( winter ) and lacrosse ( summer ) ?,yes,Yes.
335,Is Canada a geographically vast and ethnically diverse country ?,yes,Yes.
336,Did Mainland Nova Scotia not come under British rule with the Treaty of Utrecht    (: ; ?,no!,No.
337,"Did Cartier not use the word ` Canada ' to refer to not only that village , but the entire area subject to Donnacona , Chief at Stadacona ?",yes,No.
338,Did continental European immigrants not S08_settle the prairies ?,no,No.
339,Is it the world 's second largest country by total area?,yes,No.
340,What happened in 1867?,"Canada was formed as a federal, semi-autonomous polity",Year.
341,Are ducks in the Arctic Northern Hemisphere migratory?,Some are,Yes.
343,Is a drake a male?,Yes,Yes.
345,"Do all ducks ""quack""?",No,Yes.
347,What is the name of a specialized species of duck adapted to catch large fish?,the smew,Muscovy.
348,What animal attracts the most humor and silliness?,The duck,Monkey
350,What is an economic use of a duck?,Meat,Duckling.
352,Who is Daffy Duck?,A silly cartoon character,Character.
354,What makes it more difficult for a diving duck to fly?,They are heavier,Water.
356,What are the reasons for hunting wild ducks?,"Meat, eggs, and feathers",Sport.
357,Do ducks forage underwater?,yes,Yes.
361,Is foie gras often made from ducks?,yes,Yes.
363,What economic uses to ducks have?,"They are farmed for their meat, eggs and feathers. They are also kept and bred by aviculturists and often displayed in zoos.",Ducks have none.
365,What kind of ducks feed on land?,Dabbling ducks,Wood.
367,What unrelated water birds are ducks sometimes confused with?,"loons or divers, grebes, gallinules, and coots",Geese.
369,What does the word duck mean?,It is the common name for a number of species in the Anatidae family of birds.,Duck.
371,What are some common predators of ducks?,"Pike, crocodilians, herons, hawks and eagles.",Alligators.
373,How does a Mallard's tongue work?,"It's tongue is a flat plate, and on the tongue's back end is a short liftable flap with about 18 short spikes for pushing struggling prey and other food down its throat",Taste.
375,Are diving ducks heavier tha dabbling ducks?,Yes,No.
377,Are adult ducks fast fliers?,Yes,No.
379,Are ducks an accepted presence in some populated areas?,Yes,Yes.
381,What types of unrelated water birds with similar forms are ducks sometimes confused with?,"loons or divers, grebes, gallinules, and coots",Geese.
383,Why are ducklings particularly vulnerable?,Their inability to fly.,Hatchling.
385,What are some economic uses for duck?,"Meat,eggs,feathers",Quack.
387,What allows a duck to filter water out of the side of their beaks and keep food inside?,Tiny rows of plates called lamellae,Filtration.
389,What expression is part of a conceptual framework for testing computer systems?,Quacks like a duck,Testing.
391,"Where did the expression ""a sitting duck"" come from?","In many areas, wild duckof various species (including ducks farmed and released into the wild) are hunted for food or sport, by shooting, or formerly by decoys.",Origin.
393,Is Egypt bordered by the Gaza Strip?,yes,Yes.
395,Is Egypt the most populated country in Africa?,no,No.
397,Does Egypt have political influence in the Middle East?,yes,Yes.
399,When was the Six Day War?,1967,1967
401,What religions has Egypt outlawed?,"All but Christianity, Islam, and Judaism",None.
403,What is the poulation of Egypt?,more than 78 million,Millions.
405,Why does most of Egypt's population live near the Nile?,"the only arable agricultural land is found there,",Water.
407,Are there a large number of Jews living in Egypt today?,no,No.
409,During what period was Akhenaten a Pharaoh?,The New Kingdom (c.1550&#8722;1070 BC) ,Amarna.
411,Is Egypt in Asia?,No.,No.
412,Does Egypt receive the least rainfall in the world?,Yes.,No.
414,Does Egypt's foreign policy operates along moderate lines?,Yes.,No.
416,Since when has Egypt been a republic?,June 18 1953.,1952.
418,When were the Great Sphinx and the Pyramids of Giza built?,During the Old Kingdom.,Ancient.
420,What countries border Egypt?,"Libya, Sudan, the Gaza Strip and Israel.",Sudan.
422,What is the estimated population of Egypt?,More than 78 million.,Millions.
424,Does snow fall in Egypt?,Yes.,No.
426,When did organized agriculture appear in the Nile Valley?,6000 BC.,Ancient.
428,Are elephants the largest land animals alive today?,yes,Yes.
430,Can an elephant kill a rhinoceros?,yes,Yes.
432,Are elephants good swimmers?,yes,No.
434,How many living species of African Elephants are there?,2,Two.
436,How long may elephants live?,70 years,Long.
438,Why does the phrase 'elephants never forget' have no metaphorical meaning?,it refers literally to elephants supposedly having an excellent memory,Forget.
440,How many living species of Asian Elephants are there?,1,Two.
442,How much do elephants weight at birth?,120 kilograms,Massive.
444,What did Aristotle say about elephants?,the beast which pasS08_seth all others in wit and mind,Unknown.
446,Are elephant populations in West Africa generally small and fragmented?,yes,Fragmented.
448,Is the Asian elephant larger than the African?,no,Yes.
450,Is an elephant's skin tough?,yes,Yes.
452,How do elephants communicate over long distances?,by producing and receiving low frequency sound,Radio.
454,When do African elephants lie down?,when they are sick or wounded,Never.
455,How long is the elephant's gestation period?,22 months,Long.
457,How many species of African elephants have been proposed?,three,Two.
459,What are the elephant's ears important for?,temperature regulation,Hearing.
461,What land animal has the largest brain?,elephant,Elephant.
463,Are elephants mammals?,yes,Yes.
465,Have elephants been used as working animals?,yes,Yes.
467,Do they prefer forested areas?,Yes,Yes.
469,What is the world population of Asian elephants?,60000,Unknown.
471,What part of an elephant is very important for temperature regulation?,Ears,Ears.
473,Where was the largest elephant ever recorded shot?,Angola,Botswana.
475,Is an Asian elephant smaller than an African elephant?,yes,No.
478,What land animal is larger than an elephant?,"None, the elephant is the largest land animal.",None.
479,Has tusklessness become a rare abnormality?,No,No.
481,Were the treaties signed in 1947 and 1948 with the Ukraine?,no,No.
483,Is Finnish a member of the Baltic-Finnic subgroup of the Uralic languages?,yes,Yes.
485,Is the most read newspaper in Finland Taloussanomat?,no,No.
487,Which Russian army general conquered Finland in 1809?,Alexander I,Alexander.
489,What is the life expectancy for men in Finland?,75 years,80
491,"In what year were the ""Games of the XV Olympiad"" held?",1952,1920
493,What body of water lies to the south of Finland?,the Gulf of Finland,Sea.
495,Name an animal that is growing in number due to recent conservation efforts,"Golden Eagle, Brown Bear, or Eurasian Lynx (Change imperative to interrogative)",Giant Panda.
497,"Today, are there more cell phone subscriptions than people in Finland?",yes,Yes.
499,Is Matti Vanhanen the Prime Minister of Finland?,yes,No.
501,Is the capital city Oslo?,no,No.
503,Does it have a border with Norway?,yes,Yes.
505,What is the life expectancy for men?,75 years,Variable.
507,What is the biggest city in Finland?,Greater Helsinki,Helsinki.
509,Who is the most popular rock group in Finland?,CMX,Helsinki.
511,What is Finland's economy like?,"a highly industrialised, free-market economy",Strong.
512,Where is Finland located?,Northern Europe,North.
514,What is the weather like in summer?,relatively warm,Sunny.
516,Does salmon remain the favorite of fly rod enthusiasts?,Yes,Yes.
518,Are there cathedrals scattered all across Finland?,Yes,Yes.
520,"According to Reader's Digest, is Finland best for living?",Yes,Yes.
522,When did the first verifiable written documents appear?,Twelfth Century,Cuneiform.
524,What is the capital city?,Helsinki,London
526,What is the most extensively celebrated holiday?,Christmas,Christmas.
528,Does a large proportion of the population speak Swedish as its mother tongue?,No,No.
529,Do women live longer than men?,Yes,No.
532,What is a country with which Finland is involved in an international conflict?,Finland is not involved in international conflicts or border disputes. ,Russia.
557,Was Ford a member of the House of Representatives?,Yes,No.
559,For how long was Ford a member of the House of Representatives?,Over eight years.,Ford served in the House for 14 years.
561,Was Gerald Ford a member of Delta Kappa Epsilon?,Yes,Yes.
563,"Did ford get an award called ""Congressman's congressman""?",Yes,Yes.
565,Did ford attend the University of Michigan?,Yes,No.
567,What positions Ford played in the school football team?,Center and linebacker,Ford was a player on the school football team.
569,What did Ford say about his biological father?,He was abusive and had a history of hitting his mother.,Secret.
571,Who did Ford nominate for Vice President?,Bob Dole,Spiro.
573,Was Ford active about Vietnamese affairs?,No,No.
574,hard,hard,Difficult.
576,Had Ford's wife married before?,Yes,No.
578,Is Ford related with the assassination of John F. Kennedy?,Yes,No.
579,Was Gerald Ford the 38th President of the United States?,yes,Yes.
581,Did Gerald Ford serve as the Republican Minority Leader of the House of Representatives?,yes,No.
583,Was Ford an Eagle Scout?,yes,No.
585,What district was Ford elected from?,Michigan's 5th congressional district,Dearborn.
587,How many Eagle Scouts were involved in Ford's funeral procession?,400,Unknown.
589,Which future Heisman Trophy winner did Ford tackle?,Jay Berwanger,Smith
591,Has another US President been an Eagle Scout?,no,Yes.
593,Did Ford need to do extra work to pay for college?,yes,No.
595,Have more than five Presidents lived past the age of 90?,no,No.
597,How do kwajalein and eniwetok relate?,The Monterey supported landings at both locations.,Islands.
598,"What did Ford receive on April 13, 1942?",Ford received a commission as ensign in the US Naval Reserve.,Birthday.
599,Was Ford released from the hospital?,Yes.,Yes.
600,"Was Ford interred at his Presidential Museum in Grand Rapids, Michigan?",Yes.,No.
601,Is Ford one of only four former Presidents to live to 90 or more years of age ?,Yes.,No.
602,Was Ford the last surviving member of the Warren Commission ?,Yes.,No.
603,"Did Grand Rapids supporters not urge him to take on Bartel J. Jonkman , the incumbent Republican congressman ?",No.,No.
604,Did they not claim Ford 's pardon was quid pro quo in exchange for Nixon 's resignation ?,They did claim Ford's pardon was quid pro quo.,Yes.
605,Does Ghana have twice the per capita output of the poorer countries in West Africa?,yes,No.
607,Is English Ghana's official language?,yes,No.
609,Did the Dutch build the Elmina Castle?,No,Yes
611,When did Ghana achieve independence from the United Kingdom?,1957,1957.
613,How many regions is Ghana divided into?,10,10.
615,Who is the head of state of Ghana?,President John Agyekum Kofuor,President.
617,What is the dominant religion in Ghana?,Christian,Christianity.
619,What are the two subfamilies of the Native Ghanaian languages?,Kwa and Gur,Akan and Ewe.
621,What is the weather like at Lake Volta?,Warm and comparatively dry,Sunny.
623,Is Ghana in Asia?,no,No.
625,Is English the official language?,yes,No.
627,Is Ghana's head of state John Agyekum Kufuor?,yes,No.
629,What does the word Ghana mean?,warrior king,Meaning.
631,Who was Kwame Nkrumah?,founder and first president,Pan-Africanist.
633,Where is old Ghana in relation to present Ghana?,500 miles north,Past.
635,Who makes up Ghana's Parliament?,the New Patriotic Party and National Democratic Congress,Members.
637,What European countries established states in Ghana?,The UK,Colonizers.
663,Does the Gray Wolf share an ancestry with the domestic dog?,Yes,Yes.
665,Do wolf pups tend to have darker fur than adults?,Yes,No.
667,Do wolves leave their pack?,Yes,No.
669,What kinds of coats do wolves have?,bulky coats with two layers,Fur.
671,Where do wolves have scent glands?,Helping the woldf to effectively navigate over large expanses while concurrently keeping others informed of its whereabouts.,Face.
673,How much do wolves weigh?,typically varies between 32 and 62 kilograms,Varies.
675,Why do wolves howl?,"Howling helps pack members keep in touch, allowing them to communicate effectively in thickly forested areas or over great distances. Howling also helps to call pack members to a specific location. Howling can also serve as a declaration of territory, as shown in a dominant wolf&apos;s tendency to respond to a human imitation of a ""rival"" wolf in an area the wolf considers its own. ",Communication.
677,What is surplus killing?,Surplus killing is defined as the killing of several prey animals too numerous to eat at one sitting.,Excessive.
679,Are Gray Wolves native to North America?,Yes,Yes.
681,Is the Gray Wolf a mammal?,Yes,Yes.
683,Are a wolf's teeth its main weapons?,Yes,No.
685,Are wolves built for stamina?,Yes,Endurance.
687,Where is the largest gray wolf population thought to be found?,Kazakhstan,Canada.
689,To what genus does the gray wolf belong?,Canis,Canis.
691,When do wolves molt?,Late Spring or Early Summer,Wolves molt annually.
693,Why is it beneficial for alpha males and females to forcefully prevent other wolves from mating?,A pack can only suppport one littler per year,Territorial.
695,What type of tools do biologists use to capture wolves for tagging?,Darting and Foot hold traps.,Capture.
697,"Forward, erect ears and slightly bristle hackles are a sign of what in wolves?",Dominance,Alertness
699,Was Grover Cleveland born in New York?,no,No.
701,Did Grover Cleveland win the 1884 election?,yes,Yes.
703,Did Grover Cleveland support women's suffrage?,No,No.
705,Where was Grover Cleveland married?,In the White House,Married.
707,What did Cleveland die from?,A heart attack,Heart attack.
709,How many years after Cleveland left office did the U.S. win the Spanish-American War?,One Year,18
711,What did Cleveland's opponents say in 1884 to counter his innocent image?,That he had fathered an illegitimate child,Corrupt.
713,Who did Cleveland run against in 1884?,former Senator James G. Blaine of Maine,Benjamin Harrison.
715,Why did Cleveland want to hide his cancer surgery from the public?,To avoid further market panic,Privacy.
717,Was Grover Cleveland the twenty-seventh president of the United States?,No.,Yes.
719,Is Grover Cleveland honest?,Yes.,No.
721,Was Grover Cleveland married in the whitehouse?,Yes.,No.
723,"When was he elected sheriff of Erire County, New York?",Yes.,Elected.
725,When did he die?,June 24 1908,Deceased.
727,Which election did Grover Cleveland win?,1884 and 1892 presidential elections,Grover Cleveland won the presidential election of 1884.
728,Who were Grover Cleveland's parents?,"Cleveland was born in Caldwell, New Jersey to the Reverend Richard Cleveland and Anne Neal.",Neither.
730,How many children did Grover Cleveland have?,5,None.
732,Who lost control of his party to the agrarians and silverites in 1896?,Grover Cleveland,William McKinley.
733,Is it true that he sent in federal troops to chicago?,yes,No.
734,"Was Cleveland born in Caldwell, New Jersey to the Reverend Richard Cleveland and Anne Neal?",yes,No.
735,"Was Grover Cleveland elected Sheriff of Erie County, New York?",yes,Yes.
736,Was Cleveland 's portrait on the U.S. $ 1000 bill from 1928 to 1946 ?,yes,No.
737,Is he buried in the Princeton Cemetery of the Nassau Presbyterian Church ?,yes,No.
738,Did the Department of the Interior not charge that the rights of way for this land must be returned to the public because the railroads failed to extend their lines according to agreements ?,yes,Yes.
739,"Did the team , sedating Cleveland with nitrous oxide -LRB- laughing gas -RRB- , not remove his upper left jaw and portions of his hard palate ?",yes,Yes.
740,He became chief engineer in the Department of Bridges and Highways in what year?,in 1894,1995.
741,What led Becquerel to investigate the spontaneous emission of nuclear radiation?,phographic plates being fully exposed,Curiosity
742,Is it true that he married louise désirée lorieux in 1890?,yes,False
743,Is it true that he shared the nobel prize in physics?,yes,No.
744,When did he marry louise désirée lorieux?,1890,Never.
745,Was Becquerel elected Permanent Secretary of the Académie des Sciences?,yes,No.
746,"Was Becquerel born in Paris into a family which, including he and his son Jean, produced four generations of scientists?",yes,Yes.
747,Who won the 1903 Nobel Prize in Physics for discovering radioactivity ?,Henri Becquerel,Curie
748,Did he not die at the age of 55 in Le Croisic ?,Yes he died at the age of 55,No.
749,Did one places between the phosphorescent substance and the paper a piece of money or a metal screen not pierce with a cut-out design ?,yes,Yes.
750,What happened in 1896?, Becquerel accidentally discovered radioactivity.,Edison.
751,What happened with a bromide emulsion in two sheets of very thick black paper?,the plate does not become clouded upon being exposed to the sun for a day,Nothing.
752,Is there a becquerel crater on the moon and a becquerel crater on mars?,yes,No.
753,Are the Javanese the largest and politically dominant ethnic group in Indonesia?,yes,No.
755,Is Indonesia a monarchy with a presidential system?,no,Yes.
757,Did the Japanese invasion and subsequent occupation during WWII end Dutch rule?,yes,No.
759,In what year did East Timor secede from Indonesia?,1999,1999.
761,When did Islam become the dominant religion in Java and Sumatra?,the end of the 16th century,Islamicization.
763,Does Indonesia have the world's hightest level of biodiversity?,no,No.
765,Was Indonesia named after it became an independent country?,no,No.
767,Why did Indonesia break off relations with the People's Republic of China?,because of anti-communist purges early in the Suharto era,Balance
769,Which spice originally attracted Europeans to Indonesia?,"nutmeg, cloves, or cubeb pepper",Cloves.
771,What is Jakarta?,Indonesia's special capital region,City.
772,"What shares land borders with Papua New Guinea, East Timor and Malaysia?",Indonesia,Borders.
773,What are the largest and politically dominant ethnic group?,the Javanese,Majority.
774,What happens when the srivijaya kingdom formed trade links?,The indonesian archipelago became an important trade region,Prosperity.
775,Is it true that indonesia has vast areas of wilderness?,yes,Yes.
776,Is Indonesia a republic?,yes,Yes.
777,Are Sports in Indonesia generally male-orientated?,yes,No.
778,Is Indonesia the world's largest archipelagic state?,yes,Yes.
779,Are sports in Indonesia generally male-orientated and spectator sports are often associated with illegal gambling ?,yes,Yes.
780,Is Pencak Silat an Indonesian martial art ?,yes,Yes.
781,Has Indonesia the world 's largest Muslim population ?,yes,Yes.
782,Who has its own political legislature and governor ?,each province,State.
783,Is it the world 's largest archipelagic state?,yes,Yes.
784,Is it the world 's fourth most populous country and the most populous muslim-majority nation?,yes,Yes.
785,Is indonesia a republic?,yes,Yes.
810,Is James Monrow the fifth president of US?,Yes,No.
812,What is the first word on the page?,James,Alphabet.
814,What is the first number on the page?,28,One.
816,When did Monroe's presidency expired?,"March 4, 1825",1825.
818,What is Monroe's father's name?,Spence,Monkeypaw
820,What is Monroe's daughter's name?,Maria Hester Monroe Gouverneur,Marilyn
822,"What does ""Era of Good Feelings"" refers to?",Reduced tension,Epoch.
824,Did Monroe' wedding happen at the Trinity Church in New York?,Yes,Yes.
826,What is Monroe Doctrine?,A doctrine declaring U.S. opposition to European interference in the Americas.,Interventionism.
828,Was James Monroe President of the United States?,yes,Yes.
830,Did James Monroe attend the College of William and Mary?,yes,No.
832,Did James Monroe fight in the Continental Army?,yes,No.
834,Where was James Monroe born?,"Westmoreland County, Virginia",Monroe
836,Where was James Monroe shot?,"at the Battle of Trenton, in his left shoulder",Monroe.
838,Who did James Monroe marry?,Elizabeth Kortright,Monroe.
840,What did James Monroe do before being elected governor?,He practiced law in Virginia.,Lawyer
842,In which years were John Monroe elected as President?,1817-1825,Elected.
844,Who was John Monroe standing behind in the painting of  Washington Crossing the Delaware?,George Washington,Washington
846,When was James Monroe appointed to Secretary of War?,1814,Monroe.
848,When did James Monroe die?,"July 4, 1831",Monroe died in 1838.
850,When did James Monroe graduate from William and Mary?,1776,Never.
852,When was James Monroe elected president?,"Monroe was elected president in the election of 1816, and re-elected in 1820.",Elected.
854,Which property did James Monroe sell in 1817?,Monroe Hill on the grounds of the University of Virginia.,Home
856,When did James Monroe introduce the Monroe Doctrine?,"December 2, 1823",1823
858,Who did James Monroe live with in New York City?,His daughter Maria Hester Monroe Gouverneur,Monroe.
860,What did James Monroe's letters not contain?,No letters survive in which he might have discussed his religious beliefs.,Secrets.
862,What was the result of the rejection of the Jay Treaty?,"As a result, the two nations moved closer toward the War of 1812. ",War.
864,Who is depicted holding the flag in the famous painting of Washington Crossing the Delaware?,Monroe,Washington.
865,"What dwindled and eventually died out, starting with the Hartford Convention?",The Federalist Party,Compromise
866,Is it true that he practiced law in fredericksburg?,yes,No.
867,What did James Monroe make in 1817?,two long tours,Constitution
868,Was Monroe anticlerical?,no,No.
869,Was Monroe appointed Minister to France from 1794 to 1796?,yes,Yes.
870,What expired on March?,Monroe's presidency,Nothing.
871,Had Monroe racked up many debts during his years of public life ?,yes,Yes.
872,Who dismantled partisan and sectional coalitions ?,many congressmen,Unity.
874,What happened in 1811?,Monroe returned to the Virginia House of Delegates and was elected to another term as governor of Virginia,War.
875,What happened in the election of 1816?,Monroe was elected president,Result.
876,Who died in childbirth in 1772?,Margaret Miller,Marie
877,Who died in 1832?,Margaret Miller.,Andrew Jackson.
878,"Is watt commemorated by statuary in George Square, Glasgow and Princes Street, Edinburgh?",Yes.,No.
879,"Was watt a gentleman, greatly respected by other prominent men of the Industrial Revolution?",Yes.,Yes.
880,Was watt a fellow of the Royal Society of Edinburgh and the Royal Society of London?,Yes.,Yes.
881,"Four years after opening his shop , Watt began what?","Watt began to experiment with steam after his friend, Professor John Robison, called his attention to it.",Expanded.
882,Was Watt ranked 22nd in Michael H. Hart 's list of the most influential figures in history ?,Yes.,No.
883,Did John Adams represent the Continental Congress in Europe?,Yes.,No.
885,Was Adams raised Congregationalist?,Yes.,No.
887,Was Adams an opponent of the Stamp Act?,Yes.,Yes.
889,When did Adams graduate from college?,1755.,Never.
891,Who was on the committee with Adams to draft  a Declaration of Independence?,"Thomas Jefferson, Benjamin Franklin, Robert R. Livingston and Roger Sherman.",Jefferson
893,What did Jefferson call John Adams?,"The ""Colossus of Independence"".",Friend.
895,What was Adams' political party?,The Federalist Party.,Republican.
897,Was Adams the first to introduce a bicameral legislature?,Yes.,No.
899,Did John Adams get along with Alexander Hamilton?,No.,No.
901,Did John Adams go to Harvard? ,yes,Yes.
903,Did John Adams support the Stamp Act of 1765?,No,No.
905,Is Adams' birthplace part of a national park?,yes,No.
907,When did John Adams serve as Vice President?,1789-1797,1789-1797
909,With what party did Adams run for presidency?,The Federalist Party,Federalist.
911,Where is Adams buried?,United First Parish Church,Dead.
913,Who were the midnight judges?,"They were a series of judges, so called because most of them were formally appointed days before Adams' presidential term expired",None.
915,In what ways was Adams opposed by Anderw Hamilton?,Hamilton wanted to control the army differently than Adams,Ideologically.
916,What information did he record in his diary?,Descriptions of events and ompressions of men,Details.
918,Who was defeated for re-election in the`` Revolution of 1800'' by Thomas Jefferson?,John Adams,John Adams
919,Who represented the Continental Congress in Europe?,John Adams,Thomas Jefferson
920,What is now part of Adams National Historical Park?,John Adams' birthplace,Independence Hall
921,Is it true that adams had spent some time as the ambassador?,yes,False
922,Is it true that massachuS08_setts sent him in 1774?,yes,No.
923,Who did MassachuS08_setts send in 1774?,John Adams,Tea.
924,"Are his last words often quoted as "" Thomas Jefferson survives "" . ?",yes,No.
925,"The John Adams Library , housed at the Boston Public Library , contains what?","Adams's personal collection of more than 3,500 volumes",Books.
926,Adams ' opponents were what?,Democratic Republicans,Democrats.
927,"Did the election of 1800 not become a bitter and volatile battle , with each side expressing extraordinary fear of the other party and its policies ?",No.,Yes.
928,What happened in 1764?,Adams married Abigail Smith,Revolution.
929,Is a kangaroo a reptile?,no,No.
931,Is a kangaroo on the Australian coat of arms?,yes,No.
933,"Was James Cook the first to record the name ""Kangooroo?""",yes,No.
935,What is a collective noun for kangaroos?,"mob, troop, or court",Mob.
937,Where do joeys complete postnatal development?,marsupium,Joey.
939,"What do kangaroos use for ""crawl-walking?""",its hind feet,Paws.
941,Why do kangaroos have a wide bite?,The two sides of the lower jaw are not joined together and the lower incisors are farther apart.,Power.
943,What is responsible for converting the hydrogen byproduct of fermentation into acetate?,bacteria,Acetogen.
945,Are wild kangaroos shot for meat?,yes,No.
947,Have kangaroos fared well since European S08_settlement?,yes,Thrived.
949,Do kangaroos have many natural predators?,no,Few.
951,What is the average life expectancy of a kangaroo?,4.6 years,12
953,When did the first official report of kangaroo blindness take place?,1994,Unknown
955,What are vehicles that frequent isolated roads often fitted with?,roo bars,Four-wheel drive.
957,Do kangaroos eat plants?,yes,Yes.
959,What are some extinct predators of the kangaroo?,"Thylacine, Marsupial Lion, Maagalania, and Wonambi",Tasmanian.
962,Is a Kangaroo a Marsupial?,Yes,Yes.
964,Is the kangaroo an herbivour?,Yes,Yes.
966,Are Kangaroos Shy?,Yes,No.
968,What method of locomotion do Kangaroos Use?,hopping,Hopping.
972,What is a collective noun for a kangaroo?,"a mob, troop, or court",Mob
974,What is a roo?,a kangaroo,Roof.
976,What is used to protect a vehicale from a Kangaroo?,roo bars,Steel.
978,What method is used by Kangaroos to travel?,hopping,Hopping.
979,Who asked a nearby local what the creatures were called?,Captain James Cook and naturalist Sir Joseph Banks,Curious
980,What are four species that are commonly referred to as kangaroos?,"The Red Kangaroo, The Eastern Grey Kangaroo, The Western Grey Kangaroo, and The Antilopine Kangaroo",Kangaroos.
981,Are kangaroos and wallabies adept swimmers?,yes,No.
982,Are kangaroos farmed to any extent?,No.,No.
983,Who also discovered that less than three percent of kangaroos exposed to the virus developed blindness ?,Veterinarians,Few.
984,Different species of kangaroos eat what?,different diets,Various.
985,Have Kangaroos dazzled by headlights or startled by engine noise been known to leap in front of cars ?,yes,Yes.
986,Is a collision with a vehicle capable of killing a kangaroo ?,yes,Yes.
987,Was the game of Marn grook played using a ball made from kangaroo by the Kurnai people ?,yes,No.
988,"Have kangaroos large , powerful hind legs , large feet adapted for leaping , a long muscular tail for balance , and a small head ?",yes,No.
989,"Is a kangaroo a marsupial from the family macropodidae -LRB- macropods , meaning (`` ` large foot ('' ' -RRB-?",yes,Yes.
990,What kinds of changes have larger kangaroos adapted much better to?,Changes wrought to the Australian landscape by humans.,Adaptation.
991,Have larger kangaroos adapted much better to changes?,yes,Adapted.
992,Is the leopard smaller than the other members of Panthera?,yes,No.
994,Is a leopard larger and less lanky than a cheetah?,yes,No.
996,Are large pythons potential prey for leopards?,yes,Yes.
998,What may a leopard be mistaken for?,A cheetah or a jaguar,Jaguars.
1000,What is a hybrid animal resulting from a union between a leopard and a puma?,a pumapard,Pum Leopard
1002,Where do leopards often hide their kills?,in dense vegetation,Trees.
1004,How did early naturalists distinguish between leopards and panthers?,by the length of their tails,Spots.
1006,What are dark leopards known as colloquially?,Black Panthers,Panthers.
1008,What shape are a leopard's black roS08_settes in East Africa?,circular,Spotted.
1010,Is the leopard an Old World mammal?,yes,Yes.
1013,Is the leopard of the Felidae family?,yes,Yes.
1016,Is the leopard one of the four 'big cats'?,yes,Yes.
1019,Where is the leopard distributed?,southern Eurasia and Africa,Africa.
1022,How long is a leopard's tail?,60 to 110cm,Long.
1025,How much does a leopard weigh?,Males are considerably larger than females and weigh 37 to 90 kg compared to 28 to 60 kg for females. ,Heavy.
1028,Does a male leopard weigh more than a female leopard?,yes,Yes.
1031,What is the difference between leopards and cheetahs?,The leopard has roS08_settes rather than cheetah's simple spots and the leopard is larger and less lanky than the cheetah.,Spots.
1034,How does the distribution size of the leopard compare to the distribution of other wild cats?,"As of 1996, the leopard had the largest distribution of any wild cat, although populations before and since have shown a declining trend and are fragmented outside of subsaharan Africa.",Smaller.
1037,What resembles that of the similarly-sized cougar in the Americas?,The leopard's ecological role,Puma.
1038,"What was one of the many species described in Linnaeus's 18th-century work, Systema Naturae?",Felis pardus,Classification.
1039,What sort of cats are solitary?,Leopards,Independent.
1040,Are leopards circular?,No,No.
1041,Is the leopard solitary?,Yes,Yes.
1042,What centred in Sierra?,The leopard men,Mountain
1043,Felis pardus was what?,"One of the many species described in Linnaeus's 18th-century work, Systema Naturae",Leopard.
1044,Has the New Zealand Rugby League featured the Otahuhu Leopards and then the Tamaki Leopards ?,Yes,Yes.
1045,Were the Leopard men a West African secret society who practised cannibalism ?,Yes,No.
1046,Was the leopard tank a German designed tank which entered service in 1965 ?,Yes,Yes.
1047,Is the black color heritable and caused by only one recessive gene locus ?,Yes,No.
1048,"Is the leopard -LRB- panthera pardus -RRB- an old world mammal of the felidae family and the smallest of the four (`` ` big cats ('' ' of the genus panthera , along with the tiger , lion , and jaguar?",Yes,Yes.
1049,Can a panther be any of several species of large felid?,Yes,Yes.
1050,Is the leopard an agile and graceful predator?,Yes,Yes.
1051,Is Liechtenstein bordered by Switzerland?,Yes,Yes.
1053,Is Liechtenstein the smallest German-speaking country in the world?,Yes,Yes.
1055,Was Liechtenstein part of the ancient Roman province of Raetia?,Yes,No.
1057,When was the first factory opened?,1836,1764.
1059,How many municipalities is Liechtenstein divided into?,11,Ten.
1061,What is the national currency of Liechtenstein?,Swiss franc,Euro
1063,Has Leichtenstein worked to promote the county's image by prosecuting international money-laundering?,Yes,Yes.
1064,What company administers Leichtenstein's railways?,Austrian Federal Railways,PrivatBahn.
1066,What percentage of Liechtenstein's population is foreign-born?,two-thirds,17.5
1068,Is there an airport in Liechtenstein?,No.,No.
1070,Is Liechtenstein heavily urbanized?,No.,No.
1072,Is Liechtenstein doubly landlocked?,Yes.,Yes.
1074,Does Liechtenstein have an army?,No.,No.
1076,When was Liechtenstein's current constitution adopted?,October 1921.,Adopted.
1078,What is the official language of Liechtenstein?,German.,German.
1080,What countries border Liechtenstein?,Switzerland and Austria.,Switzerland.
1082,What Roman province was Liechtenstein part of?,Raetia.,Rhine.
1084,How many municipalities are within Oberland?,6.,Numerous.
1086,What is the smallest German-speaking country in the world?,Liechtenstein,Vatican.
1087,"The Savings and Loans Bank was founded, as was the first cotton-weaving mill in what year?",1861,1793
1088,What enjoys one of the world's highest standards of living?,Liechtenstein's population,Switzerland
1089,Does the state court rule on the conformity of laws?,Yes,Yes.
1090,What do most recognizable international company and largest employer have in common?,They are Hilti.,Brands.
1092,Was Liechtenstein completed in November 2000?,No,No.
1093,What completed in November?,the Kunstmuseum Liechtenstein,Month.
1094,The State Court rules what?,on the conformity of laws with the constitution,Jurisdiction.
1095,The Historical Society of the Principality of Liechtenstein plays what?,a role in preserving the culture and history of the country.,Music.
1096,Is the museum collection also the national art collection of Liechtenstein ?,Yes,No.
1097,Is there a small heliport at Balzers in Liechtenstein available for charter helicopter flights ?,Yes,Yes.
1098,Are nationals referred to by the plural : Liechtensteiners ?,Yes,No.
1099,"Is it a winter sports resort , although it is perhaps best known as a tax haven ?",Yes,No.
1100,Is it a winter sports resort?,Yes,No.
1101,Is it the smallest german-speaking country in the world?,Yes,No.
1102,"What happened in moravia , lower austria , silesia , and styria , though in all cases , these territories were held in fief under other more senior feudal lords?",The Liechtenstein Dynasty acquired vast swaths of land,Feudalism.
1103,"Did Webster write, ""I can now sleep of nights""?",Yes.,No.
1105,Was the arrival of Louis Kossuth (exiled leader of a failed Hungarian revolution) another issue that presented itself during Fillmore's presidency?,Yes,Yes.
1107,"Did he die at 11:10 p.m. on March 8, 1874, of the after-effects of a stroke?",Yes,Yes.
1109,Who got Seward elected to the senate?,Weed,Lincoln
1111,Where was Commodore Matthew C. Perry sent to open Japan to Western trade?,Japan,Japan.
1113,What is The Remarkable Millard Fillmore?,A fake biography based on real events that happened in Fillmore's life.,President.
1115,Did Fillmore form a law partnership before or after he founded the private University of Buffalo?,Before.,After.
1117,Did Fillmore run for President a second time?,Yes,Yes.
1119,How long after the death of his first wife did Fillmore marry Caroline McIntosh?,where is the death date of his first wife?,Immediately.
1120,Was Millard Fillmore the thirteenth President of the United States?,yes,Yes.
1123,"Was Millard Fillmore born on January 7, 1800?",yes,No.
1126,"Did Millard Fillmore die on March 8, 1974?",no,No.
1129,Where was Millard Fillmore born?,"in a log cabin in Summerhill, New York",New York
1132,To whom was Millard Fillmore born to?,to Nathaniel and Phoebe Millard Fillmore,Parents.
1135,Who did Millard Fillmore fall in love with?,He fell in love with Abigail Powers,Love.
1138,What did Taylor and Fillmore disagree upon?,slavory issues,Different
1141,How did Fillmore ascend to the presidency?,"upon the death of the sitting president, Taylor",Elected.
1144,How did the supporters of Henry Clay feel about Fillmore in 1848?,they were ok with him,Opposed
1147,Who was first apprenticed to a fuller to learn the cloth-making trade?,millard fillmore,First.
1148,He founded the private university of buffalo on what date?,1846,1871.
1149,Who or what fell in love with abigail powers?,millard fillmore,Abigail.
1150,Was Fillmore one of the founders of the University of Buffalo?,yes,No.
1151,Was Another primary objective of Fillmore to preserve the Union from the intensifying slavery debate?,yes,Yes.
1152,"Was Fillmore the second Chancellor, a position he maintained while both Vice President and President?",no,No.
1153,Is Fillmore the first of two presidents to have been an indentured servant ?,yes,Yes.
1154,Is the comic strip Mallard Fillmore named after the president ?,yes,No.
1155,Was Fillmore the first U.S. President born after the death of a former president ?,yes,No.
1156,"Did Fillmore not turn down the honor , explaining that he had neither the `` literary nor scientific attainment '' to justify the degree ?",no,No.
1157,"What happened in a log cabin in summerhill , new york?",Fillmore was born,Fire.
1158,"Who was born precisely at midnight during an electrical storm , to a Serbian family in the village of Smiljan near Gospić , in the Lika region of the Croatian Krajina in Military Frontier ( part of the Austrian Empire ) , in the present-day Croatia . ?",Nikola Tesla,Nikola Tesla
1159,Are there at least two films describing Tesla 's life ?,Yes.,Yes.
1160,Have a number of live theatrical plays based on Tesla 's life been produced and staged worldwide ?,yes.,No.
1161,Do sea otters have long muscular tails?,no,No.
1163,Can otters survive in cold water?,yes,Yes.
1165,Does the giant otter inhabit South Africa?,no,No.
1167,How many species of otter are there?,13,Four.
1169,What do river otters eat?,"a variety of fish and shellfish, as well as small land mammals and birds",Fish.
1171,How much do sea otters weigh?,30 kg (about 65 pounds),Otters.
1173,How do sea otters insulate themselves?,a layer of air trapped in their fur(!),Fur.
1175,Why are sea otters nearly extinct?,They've been hunted for their fur,Habitat.
1177,What is one of the challenges of re-establishing a population of Eurasian otters in the UK?,roadkill deaths,Habitat.
1179,Is otter a kind of mammal?,yes,Yes.
1181,How many species and genera does otter have?,13 species and 7 genera,Species: 13. Genera: 2.
1183,Do otters live in water?,yes,Yes.
1187,Where do sea otters live?,Sea otters (Enhydra lutris) live along the Pacific coast of North America. ,Coast.
1189,"Where does the word ""otter"" derive from?","The word ""otter"" derives from the Old English word otr, otor or oter. ",River.
1191,Does otter give birth or lay egg?,give birth,Give.
1192,What drives sea otter almost to extinction?,Humans hunted them almost to extinction. ,Predation.
1194,Why otters are considered as totem animals?,"The time of year associated with this is also associated with the Aquarius sign of the Zodiac, through which the sun passes January 20-February 19. ",Symbolism.
1195,Do sea otters live along the Pacific coast?,Yes,Yes.
1197,Are otters totem animals?,Yes,No.
1198,Are otters herbivores?,No,No.
1200,What is the primary item in an otter's diet?,Fish.,Fish.
1202,What is an otter's den called?,Holt,"A otter's den is called a ""lodge."""
1204,Why is the giant otter becoming increasingly rare?,"Poaching, habitat loss, and toxins in gold mining.  ",Habitat.
1206,How do otters keep themselves warm without blubber?,A layer of air trapped in their fur.  ,Fur.
1208,How are otters playful animals?,"The slide down snowy slopes, apparently for sheer enjoyment.  ",Playful.
1210,What animals are related to otters?,"weasels, polecats, and badgers",Otters are related to weasels.
1211,"What traps a layer of air, and keeps them dry and warm under water?",Long guard hair,Bubbles.
1212,The collective noun romp is sometimes used for a group of what?,Otters,People.
1213,Is it true that otters eat a variety of fish?,yes,Yes.
1214,Are otters playful animals?,yes,Yes.
1215,Are otters very active?,yes,Yes.
1216,Are male otters dog-otters?,yes,No.
1217,An otter 's den is what?,A holt,Burrow.
1218,Sea otters eat what?,Shellfish and other invertebrates,Fish.
1219,Is the myth of Otter 's Ransom the starting point of the Volsunga saga ?,yes,No.
1220,"Are Male otters dog-otters , females are bitches and babies are cubs or pups ?",yes,No.
1221,Is an otter 's den called a holt ?,yes,Yes.
1222,"Have most otters fish as the primary item in their diet , supplemented by frogs , crayfish and crabs ?",yes,No.
1223,Do penguins feed on krill?,yes,Yes.
1225,What is the largest living species of penguin?,Emperor Penguin,Emperor.
1227,Do penguins live almost exclusively in the Southern Hemisphere?,yes,Yes.
1229,"What is ""tobogganing""?",when penguins slide on their bellies across the snow,Sledding.
1231,Why are penguins countershaded?,for camouflage,Camouflage.
1233,Are penguins afraid of humans?,no,Fearful.
1235,How much time to penguins spend on land?,half of their life,Little.
1237,How many species of penguins are there?,between 17 and 20 living species,Six.
1239,How are Isabelline penguins different from most penguins?,they have brown rather than black plumage,Slender.
1241,Are penguins birds?,yes,Yes.
1243,Do penguins have a better than average sense of hearing for birds?,yes,No.
1245,"Are penguins considered ""higher waterbirds""?",yes,No.
1247,What order do penguins belong to?,Sphenisciformes,Penguins belong to the order Sphenisciformes.
1251,How tall were the tallest prehistoric penguins?,1.80 meters,Gigantic.
1253,What makes penguins so agile in the water?,Their wings have become flippers,Adaptation.
1255,"Why do penguins ""tobaggan""?",It conserves energy while moving quickly,Waddle.
1257,Who spend half of their life on land and half in the oceans?,Penguins,Seahorses.
1258,What is also the distance that Antarctic tourists are told to keep from penguins?,3 meters,Distance.
1259,"What have become flippers, useless for flight in the air?",Penguins' wings,Wings.
1260,What happens when mothers lose a chick?,"They sometimes attempt to ""steal"" another chick.",Chick dies.
1261,Is it true that each penguin gets a turn in the center?,Yes,No.
1262,Are all penguins countershaded?,Yes,No.
1263,Are penguins astonishingly agile?,In the water they are.,No.
1264,Are penguins at risk?,Yes,Endangered.
1265,"Is it also possible that penguin comes from the Latin pinguis , fat ?",Yes,No.
1266,Have penguins an average sense of hearing for birds ?,Yes,No.
1267,Can larger penguins dive deep in case of need ?,Yes,Yes.
1268,"Is the smallest penguin species the Little Blue Penguin -LRB- also known as the Fairy Penguin -RRB- , which stands around 40 cm tall -LRB- 16 in -RRB- and weighs 1 kg -LRB- 2.2 lb -RRB- ?",Yes,Yes
1269,"Is it not even known whether the gigantic palaeeudyptines constitute a monophyletic lineage , or whether gigantism was evolved independently in a much restricted Palaeeudyptinae and the Anthropornithinae ?",It is not even known.,No.
1270,Is the largest living species the emperor penguin -LRB- aptenodytes forsteri -RRB-?,Yes,No.
1271,"Is the smallest penguin species the little blue penguin -LRB- also known as the fairy penguin -RRB- , which stands around 40 cm tall -LRB- 16 in -RRB- and weighs 1 kg -LRB- 2?",Yes,Yes.
1272,What happened in a region not quite 2000 km south of the equator 35 mya?,At least one giant penguin.,Volcanic activity.
1273,What is the last word on the page?,Connecticut,"""End."""
1275,Is polar bear a mammal?,Yes,Yes.
1277,Is polar bear a carnivore?,Yes,Yes.
1279,What is largest polar bear on record?,2200 lb,Record.
1281,What is polar bear's skin color?,white or cream,White.
1283,How long is polar bear's guard hair?,5-15 cm,Long.
1285,What is cause of polar bear's skin diseases?,mites or other parasites,Pollution.
1287,Why polar bear is a special species?,"The World Conservation Union listed polar bears as a vulnerable species, one of three sub-categories of threatened status, in May 2006. Their latest estimate is that 7 out of 19 subpopulations are declining or already severely reduced.",Unique.
1288,What do fossil and DNA evidence tell us?,The polar bear diverged from the brown bear about 200 thousand years ago.,Convergence.
1290,Does a polar bear live in the Arctic?,yes,Yes.
1292,Is a polar bear white in color?,yes,Yes.
1294,Is a polar bear at high risk of extinction?,yes,Yes.
1296,How heavy is a male polar bear?,300-600 kg (660-1320 lb),Massive.
1298,How heavy was the largest polar bear on record?,1002 kg (2200 lb) ,Massive.
1300,What does a polar bear's fur provide?,It provides the animal with effective camouflage.,Warmth.
1302,Do female polar bears weight more than the male?,no,No.
1304,How much weight do female polar bears gain during pregnancy?,They gain double their weight.,Pounds.
1306,Can polar bears be seen under infrared photography?,Polar bears are nearly invisible under infrared photography.,Yes.
1308,What is actually black in color?,A polar bear's skin.,Coal.
1309,What insulate it against the cold?,Its think blubber and fur.,Blanket.
1310,What includes a lengthy justification of why this species is listed as vulnerable?,Database entry.,Justification.
1311,What do with greenpeace and the natural resources defense council have in common?,They filed lawsuits in California.,Environmentalism.
1312,Are studies insufficient evidence for global protection?,It is arguable.,No.
1313,Are polar bears excellent swimmers?,yes,Yes.
1314,"A semi-aquatic marine mammal , the polar bear has what?","It has adapted for life on a combination of land, sea, and ice.",Fur.
1315,Garbage is what?,"Garbage is now recycled or transported to Thompson, Manitoba.",Trash.
1316,The bears sometimes what?,They sometimes have problems with various skin diseases with dermatitis caused sometimes by mites or other parasites.,Eat.
1317,Is the Polar Bear the mascot of Bowdoin college ?,yes,No.
1318,Have thumbpolar bears been made both controversial and famous for their distinctive white fur and their habitat ?,yes,Yes.
1319,"Did Mitchell Taylor , the Nunavut Government Manager of Wildlife Research , not write a letter to the U.S. Fish and Wildlife Service arguing that local studies are insufficient evidence for global protection at this time ?",no,Yes.
1320,Are Cubs born in December without awakening the mother ?,yes,No.
1321,Does Qatar rank as the eighth richest country in the world per capita?,No.,Yes.
1323,Do nearly all Qataris profess Islam?,Yes.,Yes.
1325,Can women legally drive in Qatar?,Yes.,No.
1327,When did Qatar become an independent state?,"September 3, 1971.",1971.
1329,Where is Qatar's telecommunication system centered?,Doha.,Doha.
1331,Where did a suicide-bombing kill a teacher in 2005?,At the Doha Players Theatre.,Baghdad
1333,Does the native pronunciation of Qatar sound like 'cutter'?,Yes.,No.
1335,What is the Arabic word for municipalities?,baladiyah.,Baladiyah
1337,What universities are in Education City?,"Carnegie Mellon University, Georgetown University School of Foreign Service, Texas A&M University, Virginia Commonwealth University, and Cornell University's Weill Medical College.",Universities.
1339,What carried with it a tacit recognition of Qatar's status as distinct from Bahrain?,The British Protectorate (per Colonel Lewis Pelly) asking to negotiate with a representative from Qatar after Bahrain's violation of the 1820 Anglo-Bahraini Treaty.,Recognition.
1340,Qatar became an independent sovereign state in what year?,"On September 3, 1971.",1971
1341,"What consists of a low, barren plain, covered with sand?",Much of the country.,Desert.
1342,How do qatar and the wider region relate?,Qatar is aiming to become a role model for economic and social transformation in the region. Large scale investment in all social and economic sectors will also lead to the development of a strong financial market.,Connected.
1343,Was Qatar University founded in 1973?,Yes,Yes.
1344,Is Qatar bordered by Saudi Arabia to the south?,Yes,Yes.
1345,What bordered by Saudi?,Qatar,Jordan
1346,Who served as the headquarters and one of the main launching sites of the US invasion of Iraq in 2003 ?,Qatar.,Kuwait
1347,Has Qatar a modern Telecommunication system centered in Doha ?,Yes,Yes.
1348,Was Qatar University founded in 1973 ?,Yes,Yes.
1349,"Did the Qataris not choose as their negotiator the respected entrepreneur and long-time resident of Doha , Muhammed bin Thani ?",Yes,No.
1350,Will oil and gas probably remain the backbone of Qatar 's economy for some time to come ?,Yes,Yes.
1351,"Has it been created with a long term perspective to support the development of Qatar and the wider region , develop local and regional markets , and strengthen the links between the energy based economies and global financial markets ?",Yes,Yes.
1352,What happened in these positions in english?,These allophones cannot occur there.,Nothing.
1353,Can these allophones not occur in these positions in english?,yes,No.
1354,"Is -RRB- , officially the state of qatar -LRB- arabic (: : transliterated as dawlat qatar -RRB- , an arab emirate in southwest asia?",Yes,Yes.
1355,Does Romania border Hungary?,Yes.,Yes.
1357,Is Romania a secular state?,Yes.,No.
1359,Is the president elected by popular vote?,Yes.,No.
1361,How many counties is Romania divided into?,41.,Counties.
1363,What is the highest mountain in Romania?,Moldoveanu Peak.,Carpathians.
1365,What is the official language of Romania?,Romanian.,Romanian.
1367,Is the Romanian economy doing well?,Yes.,Thriving.
1368,Are there many Roma in Romania?,No.,Yes.
1370,How many territories joined to form Romania?,2.,Seven.
1372,Does Romania share a border with Ukraine?,yes,Yes.
1374,Did Romania declare neutrality during World War I?,yes,No.
1376,Does Romania share the same language with Moldova?,yes,No.
1378,"Who was the first gymnast to score a perfect ""ten""?",Nadia Comăneci,Olga Korbut.
1380,What is the largest city in Romania?,Bucharest,Bucharest.
1382,What is the largest ethnic minority in Romania?,Hungarians,Hungarians.
1384,How many countries in Europe are bigger than Romania?  ,eleven,Few.
1386,Why doesn't Romania have a state religion?  ,Romania is a secular state,Secular
1387,Why wasn't Romania neutral during World War II?,it received a Soviet ultimatum,Fascism
1389,"Sibiu, a large city in Transylvania, was chosen as European Capital of Culture in what year?",2007,2017.
1390,"What are approximately 42,000 years old and have been nicknamed`` John of Anina''?",the remains (the lower jaw) of the oldest modern human,Mammoths.
1391,"Is it true that romania has a population of 21,698,181?",Yes,No.
1392,What do economy and law have in common?,(not sure how to answer this),Regulation.
1393,What did Tourism in Romania attract in 2005?,investments worth 400 million euros,Tourists.
1395,Is Romania a semi-presidential unitary state?,Yes,Yes.
1398,Is Romania a semi-presidential democratic republic where executive functions are shared between the president and the prime minister ?,Yes,Yes.
1399,Was Gellu Naum the leader of the surrealist movement in Romania ?,Yes,No.
1400,Was the Bucharest Metro only opened in 1979 ?,Yes,No.
1401,"Is romania -LRB- , -RRB- a country in southeastern europe?",Yes,Yes.
1402,Is romania a semi-presidential unitary state?,Yes,Yes.
1403,Do singaporeans enjoy squid?,"Yes, they do.",Yes.
1406,Did Singapore's standard of living decrease since independence?,"No, the standard living was raised.",No.
1409,Did the media contribute 15.6% to Singapore's GDP in 2001?,"No, it contributed 1.56% to GDP in 2001.",No.
1412,How many people use the bus network daily?,More than 2.78 million people.,Unknown.
1415,Where did Orang Laut people live?,"Orang Laut people lived around the coast, rivers and smaller islands.",Orang Laut people lived in Borneo.
1418,What is the MRT?,One of three heavy rail passenger transport lines in Singapore.,Mass Rapid Transit.
1421,How is Singapore's climate characterized?,Singapore has a tropical rainforest climate with no distinctive seasons.,Tropical.
1424,How much increase in the media's contribution to GDP is the government seeking?,The government seeks to increase its GDP contribution to 3% by 2012. ,Increase.
1427,How many days did it take the Imperial Japanese Army to win the Battle of Singapore?,Six days,3
1430,Is Singapore located at the southern tip of the Korean Penisula?,no,No.
1432,Is Singapore a city-state?,yes,Yes.
1434,Has Sang Nila Utama visited Singapore?,yes,No.
1436,"What does ""singa"" mean?",lion,"Singa means ""sign language."""
1437,When is the first record of S08_settlement in Singapore?,second century AD,Never.
1439,Which nation invaded Singapore during World War II?,Japan,Japan
1441,"Why Churchill called the occupation of Singapor by Janpan during WWII ""Britain's greatest defeat""?",The British were defeated in six days,Defeat.
1442,Was Lee Kuan Yew a successful leader of Singapore?,yes,Yes.
1444,When did Goh Chok Tong succeed Lee as Prime Minister?,"In 1990, Goh Chok Tong succeeded Lee as Prime Minister.",Succeeded.
1446,What is the primary domestic source of water supply?,The primary domestic source of water supply in Singapore is rainfall.,Tap.
1448,What is the national language of Singapore?,The national language of Singapore is Malay.,English.
1450,Where is the National Orchid Garden?,Singapore Botanic Gardens.,Singapore.
1452,Why are relations with Malaysia and Indonesia important?,"Due to obvious geographical reasons, relations with Malaysia and Indonesia are most important.",Vital.
1454,What is the most densely populated independent country in the world?,Monaco,Monaco
1456,Who did Sir Thomas Stamford Raffles work for?,British East India Company,British.
1458,When was Lee Kuan Yew prime minister of Singapore?,1959,1965-1990
1460,What is the punishment for first-degree murder?,There are laws which allow capital punishment in Singapore for first-degree murder and drug trafficking.,Death.
1462,What established a trading post on the island in 1819?,British East India Company ,Fur.
1463,What used Singapore as a strategic trading post along the spice route?,British,Chinese.
1464,What became one of the most important commercial and military centres of the British Empire?,Singapore,London
1465,"Who boasted a sizeable community of 100,000 by 1869?",British India office,Denver
1466,How do reservoirs and water relate?,"By 2001, there were 19 raw water reservoirs, 9 treatment works and 14 storage or service reservoirs locally to serve domestic needs. ",Contain.
1467,Is it true that singapore has several long - standing disputes with malaysia?,Yes,Disputes.
1468,Has Singapore Changi Airport a network of 81 airlines connecting Singapore to 185 cities in 58 countries ?,Yes,Yes.
1469,Has Singapore a network of reservoirs and water catchment areas ?,Yes,Yes.
1470,"Has Urbanization eliminated many areas of former primary rainforest , with the only remaining area of primary rainforest being Bukit Timah Nature Reserve ?",Yes,No.
1471,"Does the economy not depend heavily on exports refining imported goods , especially in manufacturing ?",No,Yes.
1472,"Is singapore -LRB- ; (: ; , -RRB- , officially the republic of singapore -LRB- ; (: ; , -RRB- , an island nation located at the southern tip of the malay peninsula?",Yes,Yes.
1473,Is singapore the 17th wealthiest country in the world in terms of gdp per capita?,No,Yes.
1474,Was Thedore Roosevelt  a member of the Republican Party?,Yes,Yes.
1476,Does Theodore Roosevelt have a brother?,Yes,No.
1478,Did Theodore Roosevelt go to Harvard?,Yes,No.
1480,Where was Theodore Roosevelt born?,28 East 20th Street in the modern-day Gramercy section of New York City,New York
1482,What did Roosevelt do to improve his physical condition?,Roosevelt took up exercise,Exercised.
1484,Why did Roosevelt start Boxing lessons?,To deal with bullies,Roosevelt started boxing lessons for fitness.
1486,What was the nickname of Theodore Roosevelt's sister Anna?,Bamie as a child and Bye as an adult,Daisy
1488,What was Roosevelt's justification for supporting desegregation of schools in New York?,Noting that his children had been educated with other races and there was nothing wrong with it,Equality.
1490,How did newspapers respond to Roosevelt inviting Brooker T. Washington to dinner at the White House?,mixing of the races on social occassions,Euphoric.
1492,Did Theodore Roosevelt study Judo?,No,Yes.
1494,Did Roosevelt receive a Medal of Honor?,yes,Yes.
1496,Did Roosevelt study biology?,yes,Yes.
1498,Where was Theodore Roosevelt from?,Gramercy section of New York City,New York
1500,Who was Roosevelt's presidential hero?,Lincoln was Roosevelt's presidential hero.,Theodore Roosevelt.
1502,When did Roosevelt die?,"On January 6, 1919, Roosevelt died in his sleep.",1945.
1504,Who helped to fund Roosevelt's African safari?,Financed by Andrew Carnegie and his own proposed writings,Roosevelt.
1506,Did Roosevelt support racial integration in schools?,yes,Yes.
1508,Was Roosevelt's family rich?,yes,Affluent.
1510,Are turtles ectothermic?,Yes,Yes.
1512,Does the mother care for the young?,No,Yes.
1514,Are turtles pets?,Yes,No.
1516,What shape are the eggs of the larest species of turtle?,Spherical,Oval.
1518,How often do turtles breed?,Every few years or more,Infrequently.
1519,What do all turtles and tortoises breathe?,air,Air.
1521,How do turtles reproduce?,They lay eggs,Eggs.
1523,What has been discovered about turtles organs?,They do not gradually break down or become less efficient over time,Discovered.
1525,What suborder of turtle draws its head into its shell?,Pleurodira,Draws.
1527,Do sea turtles lay eggs on dry sandy beaches?,Yes,No.
1529,Are Pleurodira known as side-necked turtles?,Yes,Yes.
1531,Are turtles a part of the Flying Spaghetti Monster?,*shrug*,No.
1532,How many suborders are turtles divided into?,Three.,Suborders.
1534,Name a turtle popularly kept as a pet.,Russian Tortoises,Sheldon.
1536,Name four related articles for the article on turtles.,"Triassic, Ernst Haeckel, Kunstformen der Natur, Animal","Turtles, Habitat, Diet, Conservation."
1538,"If a turtle egg was kept warm, what would likely hatch?",A female turtle.,Turtle.
1540,What do turles use to breathe in the water?,Papillae,Gills.
1541,Why are side-necked turtles called side-necked turtles?,Because of the way they withdraw their heads into their shells.,Neck
1543,Do turtles lay eggs underwater?,No,No.
1545,Are turtle eggs leathery and soft?,Yes,No.
1547,Are turtles being examined for longevity genes?,Yes,Yes.
1549,What suborder of turtles is extinct?,Paracryptodira,Extinct.
1551,What do turtle eggs preared to eat consist mainly of?,Yolk,Protein.
1552,Where do sea turtles lay their eggs?,Holes Dug into the Mud or Sand,Beaches.
1554,What is the smallest suborder of turtles?,Pleurodira,Testudines.
1556,What are turtle eggs covered in when they incubate?,Mud or Sand,Shells.
1558,What type of creatures breathe air and don't lay eggs underwater?,Amniotes,Mammals.
1560,What are deposited in holes dug into mud or sand?,eggs,Footprints.
1561,What sort of turtles are ectothermic?,all of them,All.
1563,Are the largest turtles aquatic?,yes,No.
1564,Is aquatic respiration in Australian freshwater turtles being studied?,yes,Yes.
1565,"These projections , called papillae , have what?",a rich blood supply,Papillae have teeth.
1566,The eggs of the largest species are what?,spherical,Ostrich.
1567,Has this inspired genetic researchers to begin examining the turtle genome for longevity genes ?,yes,Inspired.
1568,Can turtles take many years to reach breeding age ?,yes,Yes.
1569,Are Immature sea turtles not cared for by the adults ?,yes,Yes.
1570,"Are the Pleurodira sometimes known as the side-necked turtles , a reference to the way they withdraw their heads into their shells ?",yes,Yes.
1571,"Does the Order Testudines not include both extant -LRB- living -RRB- and extinct species , the earliest known turtles being from around 215 million years ago ?",yes,Yes.
1572,Was Ulysses Grant a general in the American Civil War?,Yes,Yes.
1574,Was Grant's father-in-law a Democrat?,Yes,No.
1576,Did Ulysses win the Battle of Champion Hill?,Yes,No.
1578,Who was Grant's brother in law?,Fred Dent,Julia
1580,Where was Grant born?,"Point Pleasant, Ohio",Ohio
1582,What was Grant's political affiliation?,Republican,Republican.
1584,"Why did Grant say ""Damn, I had nothing to do with this batte.""?",It went well.,Innocence.
1586,Did Horace Greenley lose in the presidential elections of 1872?,Yes,Yes.
1588,Why did Grant think that war was unjust?,He thought it was designed to gain land open to slavery.,Unjust.
1590,Who achieved international fame as the leading Union general in the American Civil War?,Grant,Grant
1591,Grant was elected president as a Republican in what year?,1868,1969.
1592,Who took a hard line that reduced violence by groups like the Ku Klux Klan?,Grant,Law enforcement.
1593,When did he vote for democrat james buchanan?,1856,Never.
1594,"Who did President Lincoln promote of major general in the regular army, effective July 4?",Grant,Ulysses
1595,Was Grant elected president as a Republican?,yes,No.
1596,What was from Pennsylvania?,His father,Liberty.
1597,Was it a two-sentence description that completely caught the essence of Ulysses S. Grant ?,yes,No.
1598,Was Grant 's favorite brand of bourbon whiskey Old Crow ?,yes,No.
1599,Had he smoked only sporadically ?,yes,No.
1600,"Did Grant & Perkins not sell harnesses , saddles , and other leather goods and purchase hides from farmers in the prosperous Galena area ?",they did,No.
1601,Is the famous dragon gate at the entrance to the district at the corner of Grant and Bush Street ?,yes,Yes.
1602,What happened in 1865?,he accepted the surrender of Robert E. Lee,Civil War ended.
1603,What happened in recent years?,his reputation as president has improved,Developments.
1604,Is Uruguay located in the northwesten part of Africa?,No.,No.
1606,Is Uruguay's capital Montevideo?,Yes.,No.
1608,Does Uruguay have cold summers?,No.,No.
1610,Who founded Montevideo?,The Spanish.,Founded.
1612,Where is Uruguay's oldest church?,"San Carlos, Maldonado.",Colonia.
1614,Who heavily influenced the architecture and culture of Montevideo?,European immigrants.,Uruguayan
1616,What are poor neighborhoods called informally?,Cantegriles.,Ghettos.
1618,Is uruguay's landscape mountainous?,No.,No.
1620,What religion do most Uruguayans profess?,None.,Catholic.
1622,Is Uruguay located in South America?,Yes. It's located in the southeastern part,Yes.
1624,Can citizens propose changes to the Constitution?,Yes. People are allowed to challenge laws.,Yes.
1626,Did Uruguay host the first ever World Cup?,"Yes, in 1930.",No.
1630,How many square kilometres of continental land is Uruguay?,176.215 km�� ,188.000
1632,How much of the population is of white European descent?,88%,Unknown.
1634,Why was the capital of Uruguay founded?,For a military stronghold.,Colonia
1636,How many times has Uruguay won the World Cup?,Twice. ,Twice.
1638,How much is the average income of an African woman compared to a European man?,African women earns 0.65 * 0.718  = 46.67% of a European man earns in average,Less.
1639,Does Uruguay recognize same-sex civil unions?,Yes,Yes.
1641,Does Uruguay border French Guiana?,No,No.
1643,Is Uruguay's warmest month June?,No,No.
1645,What does a citizen use to propose changes to the Constitution?,Referendum,Petition.
1649,What religions are found in Uruguay?,"Roman Catholic, Protestant, Jewish, and nonprofessing.",Christianity.
1651,What has Uruguay done to be competitive in agriculture?,"Labeling as ""Natural"" or ""Ecological""",Diversification.
1653,What are the names of Uruguay's political parties?,Partido Colorado and Partido Blanco,Parties.
1655,Is Uruguay the smallest soverign nation in South America?,No,No.
1657,What was founded by the Spanish in the early 18th century as a military stronghold?,Montevideo,Fort
1658,What has many possible meanings?,(What?),Ambiguous
1659,How do india and latin america relate?,Uruguay exports architectural services to India and Latin America,Culturally.
1660,What did Uruguay win in 1828?,Its independence,Independence.
1661,Is Uruguay very common?,No?,No.
1662,Is The climate in Uruguay temperate?,Yes,Yes.
1663,Is the main sport in Uruguay football ?,Yes,Yes.
1664,"Is Uruguay 's oldest church in San Carlos , Maldonado ?",Yes,No.
1665,Is Uruguay a member of the Cairns Group of exporters of agricultural products ?,Yes,Yes.
1666,Is it widely considered the most secular nation in Latin America ?,Yes,No.
1667,"Is it the second smallest independent country in south america , larger only than suriname and the french overseas department of french guiana?",Yes,No.
1668,"Is it a constitutional democracy , where the president fulfills the roles of both head of state and head of government?",Yes,No.
1669,Was Woodrow Wilson the thirtieth President of the United States?,no,No.
1671,Did Woodrow Wilson create the League of Nations?,yes,Yes.
1673,Did the U.S. join the League of Nations?,no,Yes.
1675,Where was the League of Nations created?,Paris,Geneva.
1677,When was Woodrow Wilson born?,"December 28, 1856",1856
1679,Who was President when Wilson finished Congressional Government?,Grover Cleveland,Woodrow.
1681,What field did Woodrow Wilson leave law practice to study?,history and political science,Politics
1683,What caused Wilson to ask Congress to declare war on the Central Powers?,German began unrestricted submarine warfare,Zimmermann.
1685,What was more damaging than moving students into colleges?,His confrontation with Andrew Fleming West,Pandemic.
1686,Was Wilson a member of the Phi Kappa Psi fraternity?,yes,Yes.
1688,Was Wilson an automobile enthusiast?,yes,Yes.
1690,Did Wilson's father own slaves?,yes,Yes.
1692,Where is Wilson buried?,He was buried in Washington National Cathedral,Oahu.
1694,Where did Wilson attend law school?,Wilson attended law school at University of Virginia,Harvard.
1696,Where was Woodrow Wilson born?,"Woodrow Wilson was born in Staunton, Virginia",Georgia.
1698,Did Wilson support desegregation?,no,Yes.
1700,Did Wilson support the committee system?,no,No.
1702,Did Wilson have any siblings?,yes,No.
1704,What was Scots-Irish and Scottish?,His ancestry,Presbyterian.
1705,"What defended slavery, owned slaves and S08_set up a Sunday school for them?",His father,George Washington
1706,Who did Wilson win in 1917?,Irish Americans,Rival
1707,Was Wilson awarded the 1919 Nobel Peace Prize?,Yes,No.
1708,Was Wilson a remarkably effective writer and thinker?,Yes,Yes.
1709,What lived in Columbia?,Wilson,River.
1710,Was Wilson president of the American Political Science Association in 1910 ?,Yes,Yes.
1711,"Did he not cast his ballot for John M. Palmer , the presidential candidate of the National Democratic Party , or Gold Democrats , a short-lived party that supported a gold standard , low tariffs , and limited government ?",Yes,No.
1712,Did Wilson not spend 1914 through the beginning of 1917 trying to keep America out of the war in Europe ?,Yes,Yes.
1713,"Was Wilson , a staunch opponent of antisemitism , sympathetic to the plight of Jews , especially in Poland and in France ?",Yes,Yes.
1714,What happened in 1917?,"raised billions through Liberty loans, imposed an income tax, S08_set up the War Industries Board, promoted labor union growth, supervised agriculture and food production through the Lever Act, took over control of the railroads, and suppressed anti-war movements",Revolution.
